model,w1,w2,w3
PLA1,12975,-187.65098039,21.01960784
PLA0,-488056,3442.16862749,694.75294121
PLA4,2.84370000e+05,-1.42490196e+02,-2.33206275e+03
LIN_REG1,2.6042966,-0.01193896,-0.01779691
LIN_REG0,-5.24863764,0.03802901,0.00592876
LIN_REG4,7.74261671e+00,-5.11403372e-03,-6.24322897e-02
LOG_REG1,261.61244934,-3.86470732,0.44517772
LOG_REG0,-1393.93737438,10.01289702,1.81949138
LOG_REG4,3.49734173e+03,-1.75094868e+00,-2.81827811e+01
